CUS_ID,CUS_FNAME,CUS_LNAME,CUS_EMAIL,CUS_PHONE
100,Harvey,James,jackson.small@aol.com,2088427826
101,Aidan,Morgan,gu2m48b8pnx@comcast.net,1850054871
102,James,Mcdonald,jubin.bernard@aol.com,1052718765
103,Frankie,Newman,mity5gjiapzi44igswty@rediffmail.com,1872191447
104,Tyler,Kaur,mirza.silva@yahoo.com,2116018805
105,Gavyn,Gamble,0xxgxtkmrky6if@yahoo.com,1513123946
106,Leon,Tillman,ridley.bentley@gmail.com,1350108601
107,Brian,Mayer,3vbw1v4j5l19ik3p2nb@outlook.com,2099499126
108,Skylar,Olsen,dawid.velasquez@msn.com,1843272032
109,Andre,Snider,6rvgzxnbvim@outlook.com,1613733925
110,Billy,John,kain.hartman@msn.com,2084578785
111,Gabby,Chambers,hiyj0qqv8k9h@hotmail.com,1372299306
112,Harper,West,ramsay.gill@hotmail.com,1841573272
113,Ryan,Barker,85hk7yhr5qdez@rediffmail.com,1187302017
114,Will,Green,rehaan.calderon@rediffmail.com,1829050235
115,Bennie,Patel,n3n2p9npixb0hrck9re@comcast.net,1806741530
116,Lynn,Norton,georgy.oneill@ymail.com,1179091144
117,Brice,Ramos,shctvybtcs6u2d152xcq@rediffmail.com,1163987515
118,Jackie,Duran,cohen.baxter@outlook.com,2101052277
119,Kerry,Townsend,j7zlugndqd5@ymail.com,1616298059
120,Cameron,Stewart,taylor.rhodes@gmail.com,1660508992
121,Chris,Wallace,47w3vq2nkwv5rwdxok@comcast.net,1040600849
122,Casey,Francis,zakariya.gordon@aol.com,1148264530
123,Cory,Elliott,zwfima3aeuwp3@yahoo.com,1548446399
124,Addison,Thomson,lochlan.norton@yahoo.com,1606072948
125,Jaden,Suarez,6nn5d5la8dh7iqoz@hotmail.com,1437210570
126,Elliot,Harper,mikee.patton@rediffmail.com,2053376008
127,Chris,Lynn,qxwg26q4tmyj@yahoo.com,1103401815
128,Hayden,Holcomb,tommi-lee.whitaker@googlemail.com,1046897788
129,Shay,Skinner,yzjxk2silzr@hotmail.com,1501192612
130,Phoenix,Barker,alekzander.le@hotmail.com,1261536047
131,Val,Cooper,tm0s15phmg4@comcast.net,1306464053
132,Erin,Bates,gustav.davidson@googlemail.com,1261602974
133,Phoenix,Russell,e2d7jf73iqiv@comcast.net,1954035420
134,Caden,Evans,kyaan.justice@outlook.com,1589071957
135,Casey,Patterson,fytf6vwdzb4d2@outlook.com,1006629437
136,Harley,Woodard,asfhan.phillips@gmail.com,1746358410
137,Lane,Mcconnell,ggbc6nvfit75cube@gmail.com,1815874472
138,Angel,Reese,radmiras.vincent@comcast.net,1600054776
139,Brynn,Roberts,fxioe9tm9d8sq9q@rediffmail.com,1681586829
140,Bev,Simpson,akan.white@msn.com,1178151387
141,Jesse,Williamson,3mp7b609vo03q@gmail.com,1682217682
142,Elliot,Baxter,butali.moody@rediffmail.com,1588361757
143,Ray,Simpson,nt8xj1pvm5zwgb9b1@msn.com,1312023111
144,Bennie,Houghton,riach.burt@outlook.com,1443534423
145,Val,Crosby,e160bhc1tte@hotmail.com,1149409788
146,Mason,Barr,charles.malone@comcast.net,1700841033
147,Gale,Hood,nb7peo00auam@comcast.net,1742604633
148,Avery,Swanson,kane.morrow@googlemail.com,1424814403
149,Ali,Martin,dcydtci1zbvlo0e@rediffmail.com,1669668205
150,Eli,Wood,dmitri.hoffman@hotmail.com,1273293067
151,Denny,Ward,6yewlgdstx64u@comcast.net,1887947535
152,Val,Bell,jayden-paul.brock@googlemail.com,1434625821
153,Gene,George,vssfbsl07g0@yahoo.com,1767175951
154,Mel,Reid,madison.romero@comcast.net,1279760558
155,Aiden,Gilbert,f9cxncsn90ahryqqwq@aol.com,1910794720
156,Casey,Thomas,cruiz.gates@gmail.com,1304878284
157,Blair,Wells,kpacy49evsgw5rv@googlemail.com,1519346038
158,Morgan,Mcclain,ibraheem.mendez@hotmail.com,1045555973
159,Mason,Carpenter,2f12j7ed3msgz5h@yahoo.com,1750878554
160,Kerry,Berry,valentino.pennington@rediffmail.com,1608481341
161,Jackie,Fletcher,y1gxhzj3r2xd39d@comcast.net,1162292027
162,Bret,Adams,innes.garza@googlemail.com,1419127522
163,Kerry,Bradley,s62d17x4fpf0@aol.com,1765685935
164,Brice,Campbell,azim.blankenship@hotmail.com,1428404027
165,Kris,Brooks,at3f5qb17sv2ma8@comcast.net,1062520112
166,Blair,Bruce,wynn.juarez@msn.com,1389078660
167,Fran,Snyder,p753iija2dd@hotmail.com,1268163372
168,Val,Mcneil,cael.vincent@msn.com,2024637792
169,Kris,Buchanan,otyppyekyjz650jzhv@rediffmail.com,1452852569
170,Raylee,Harrison,irvine.baldwin@rediffmail.com,1796874566
171,Sam,Reynolds,096lxbkx66do3mlp@outlook.com,2137582891
172,Bret,Roberts,fox.padilla@outlook.com,1700163756
173,Harley,Mills,z0v5lt7yv2@googlemail.com,2019126531
174,Frankie,Shaw,asim.shields@yahoo.com,2088699936
175,Mason,Mckee,0x7fetj84qx8jiln@outlook.com,1400788964
176,Jess,Phelps,israel.lloyd@googlemail.com,2004716496
177,Terry,Macias,wxql4nnjemqs8q7joj@ymail.com,1873659596
178,Morgan,Padilla,luis.alvarado@yahoo.com,1240540199
179,Jesse,Petty,iin7bg6mveljyd3@ymail.com,1867657499
180,Mell,Woods,elijah.shepherd@ymail.com,1719787642
181,Carmen,Mcdonald,0k4tuphp4a@googlemail.com,1622379002
182,Haiden,Sutton,tiago.stanton@gmail.com,1721495791
183,Lynn,Pearson,dde0qiso6f8v6lyj6@aol.com,2103289424
184,Danny,Burns,santiago.hale@yahoo.com,1215509417
185,River,Robles,uxrq07oycip0lm@googlemail.com,1406805364
186,Raylee,Chase,yaseen.jimenez@rediffmail.com,1713816121
187,Kerry,Hanson,marcilq755m9@rediffmail.com,2041857364
188,Alexis,Stokes,milo.hale@yahoo.com,1255451444
189,Billie,Wilkins,tblerj5fl91n85d1ccrb@msn.com,1573829413
190,Ashton,Armstrong,oliwier.fernandez@googlemail.com,1528860903
191,Drew,Pearson,js3cmr3zufav0q@rediffmail.com,1776533270
192,Jamie,Walker,jadon.meadows@msn.com,1854962942
193,Bailey,Berry,dctg8u4tmr3hlv@msn.com,1128311457
194,Quinn,Foster,kyran.glenn@msn.com,1782381812
195,Mell,Webster,x5vhj7zzuvq9jisfar@comcast.net,1352014512
196,Skye,Marquez,harleigh.hubbard@googlemail.com,1050687962
197,Phoenix,Gates,jd5vtmoj0x39ni9n6u5h@gmail.com,2125469748
198,Aaren,Stanley,john-michael.gay@hotmail.com,1882756430
199,Val,Sharpe,evjrv74p5lpklezag@outlook.com,1152553568
